"Reference","Qty","Value","DNP","Exclude from BOM","Exclude from Board","Footprint","Datasheet","ROBU SKU"
"C1,C5,C6,C9,C10,C11,C12,C13,C14,C15","10","100nF","","","","Capacitor_SMD:C_0402_1005Metric","~","1415733"
"C2,C3","2","22pF","","","","Capacitor_SMD:C_0402_1005Metric","~","R109540"
"C4,C8,C16,C17","4","1uF","","","","Capacitor_SMD:C_0402_1005Metric","~","R172319"
"C7","1","10uF","","","","Capacitor_SMD:C_0402_1005Metric","~","R109333"
"F1","1","500mA","","","","Fuse:Fuse_1206_3216Metric","~","R122800"
"H1,H2,H3,H4","4","MountingHole","","Excluded from BOM","","","~",""
"J1","1","USB_C_Receptacle_USB2.0","","","","Connector_USB:USB_C_Receptacle_HRO_TYPE-C-31-M-12","https://www.usb.org/sites/default/files/documents/usb_type-c.zip","R243053"
"J2","1","SWD","","Excluded from BOM","","Connector_PinSocket_2.54mm:PinSocket_1x05_P2.54mm_Vertical","~",""
"J3,J4,J5,J6,J7,J8,J9","7","Conn_01x02_Pin","","","","Connector_JST:JST_EH_B2B-EH-A_1x02_P2.50mm_Vertical","~","R175107"
"R1,R2,R7","3","1k","","","","Resistor_SMD:R_0402_1005Metric","~","R135662"
"R3,R4","2","5k1","","","","Resistor_SMD:R_0402_1005Metric","~","R133894 "
"R5,R6","2","27R","","","","Resistor_SMD:R_0603_1608Metric","~","R134973"
"SW1,SW2","2","SW_Push","","","","Button_Switch_THT:SW_PUSH_6mm","~","618182"
"TP1,TP2","2","TestPoint","","Excluded from BOM","","TestPoint:TestPoint_Pad_D1.0mm","~",""
"U1","1","W25Q128JVS","","","","Package_SO:SOIC-8_5.23x5.23mm_P1.27mm","http://www.winbond.com/resource-files/w25q128jv_dtr%20revc%2003272018%20plus.pdf","R192402"
"U2","1","USBLC6-2SC6","","","","Package_TO_SOT_SMD:SOT-23-6","https://www.st.com/resource/en/datasheet/usblc6-2.pdf","R191248"
"U3","1","RP2040","","","","Sleep-Lib:RP2040-QFN-56","https://datasheets.raspberrypi.com/rp2040/rp2040-datasheet.pdf","997534 "
"U4","1","XC6206PxxxMR-Regulator_Linear","","","","Package_TO_SOT_SMD:SOT-23","https://www.torexsemi.com/file/xc6206/XC6206.pdf","R187351"
"Y1","1","12MHz","","","","Crystal:Crystal_SMD_3225-4Pin_3.2x2.5mm","~","1142496"
